{
    "simulator_profile": "nox",
    "simulator_title": "NoxPlayer",
    "simulator_lang": "eng",
    "simulator_index": 0,
    "bot_mode": "Story",
    "auto_shutdown_enabled": false,
    "auto_shutdown_restart_after": 900,
    "auto_relog_enabled": true,
    "relog_after_kicked": 600,
    "story_auto_mode": true,
    "story_mission_level": 1,
    "story_retry_after_round": 3,
    "embers_mission_name": "electric",
    "embers_fail_retry": true,
    "server_selection": "America"
}